"number","title","pageid","namespace","length","touched"
"1","Manuel_Noriega","113025","Talk","7042","20240613032842"
"2","Colin_Hall_Simpson","33916573","Talk","1109","20240226102916"
"3","Patrie_(airship)","20929683","Talk","29143","20240321183822"
"4","SS_Timothy_Bloodworth","7795528","Talk","5917","20240227012629"
"5","USS_O'Flaherty","11622442","Talk","678","20240311151238"
"6","9th_(Highland)_Infantry_Division","5197272","Talk","1800","20240119094748"
"7","George_Alan_Vasey","5633914","Talk","1850","20240212085155"
"8","Hill_262","14778527","Talk","75353","20240202024016"
"9","Operation_Winter_Storm","5114310","Talk","12592","20240216180357"
"10","2/18th_Battalion_(Australia)","5225157","Talk","1838","20240206233119"
"11","Russian_battleship_Borodino","18082868","Talk","932","20240216083033"
"12","January_1964_South_Vietnamese_coup","10723791","Talk","3278","20240215185626"
"13","Home_Army","66237","Talk","5623","20240427032544"
"14","Curtis_P._Iaukea","7046449","Talk","23794","20240322182445"
"15","Battle_of_Emmendingen","27476790","Talk","902","20240324203837"
"16","E._T._Pollock","4478371","Talk","5921","20240312005927"
"17","Le_Paradis_massacre","14606400","Talk","25373","20240321213726"
"18","Sai_Baba_of_Shirdi","2340373","Talk","12415","20240225092926"
"19","Article_231_of_the_Treaty_of_Versailles","1630073","Talk","8350","20240308142138"
"20","Operation_Storm","1080897","Talk","1308","20240330133658"
"21","USS_Tucker_(DD-374)","11625094","Talk","813","20240310022434"
"22","Fort_Bayard_(Washington,_D.C.)","12990018","Talk","599","20240202014241"
"23","177th_Fighter_Aviation_Regiment_PVO","55911708","Talk","1126","20240517190031"
"24","Casimir_Pulaski","713950","Talk","9024","20240424133611"
"25","SS_Iowan","19029546","Talk","3714","20240227011511"
"26","U.S._Route_75_in_Iowa","35945338","Talk","747","20240321183302"
"27","Battle_of_Hel","4952623","Talk","4232","20240316165438"
"28","De_Havilland_Comet","1068204","Talk","5506","20240105022900"
"29","Wilbur_Dartnell","1658434","Talk","11199","20240213105117"
"30","2008_invasion_of_Anjouan","16565350","Talk","14661","20240618201839"
"31","Operation_Sandblast","26324489","Talk","9034","20240608084448"
"32","Soviet_cruiser_Admiral_Oktyabrsky","57414228","Talk","707","20240311111504"
"33","2/15th_Battalion_(Australia)","36380587","Talk","1854","20240117045209"
"34","Battle_of_Lukaya","54706839","Talk","4218","20240211112711"
"35","M8_Armored_Gun_System","6762294","Talk","7820","20240301211614"
"36","Donald_Wilson_(general)","22578311","Talk","2310","20240208002342"
"37","Battle_of_Piercebridge","63246003","Talk","959","20240127154642"
"38","Werner_Voss","10497778","Talk","11674","20240228202308"
"39","Soviet_cruiser_Admiral_Isakov","57090506","Talk","610","20240309233913"
"40","Evacuation_of_East_Prussia","45682577","Talk","4891","20240214033129"
"41","Operation_Jackal","38690523","Talk","2823","20240222094202"
"42","Battle_of_P'ohang-dong","27881462","Talk","667","20240211114909"
"43","Hans_Philipp","10496942","Talk","4519","20240223103435"
"44","Teriitaria_II","46957429","Talk","9640","20240105071504"
"45","Soviet_cruiser_Kalinin","24022639","Talk","857","20240226201220"
"46","57th_Rifle_Division","56311232","Talk","9330","20240119063248"
"47","Tenacious_D","781004","Talk","13403","20240301003827"
"48","Australian_Army_during_World_War_II","22739600","Talk","16477","20240209203816"
"49","Project_SAINT","52632638","Talk","1953","20240324195246"
"50","John_S._McCain_Jr.","1965884","Talk","16491","20240216035231"
"51","Great_Northern_Highway","6926646","Talk","8090","20240214193009"
"52","Southern_Rhodesian_military_involvement_in_the_Malayan_Emergency","36059201","Talk","1051","20240217080426"
"53","1st_Army_Group_(Kingdom_of_Yugoslavia)","40598010","Talk","934","20240117042737"
"54","Russian_battleship_Knyaz_Suvorov","18082879","Talk","3128","20240209194415"
"55","Typhoon_Mike","3215952","Talk","14425","20240610221032"
"56","18th_Battalion_(New_Zealand)","42788057","Talk","623","20240115180705"
"57","Samuel_Forsyth","9344305","Talk","688","20240209005238"
"58","Camp_Chapman_attack","25659764","Talk","70375","20240312024551"
"59","Rang_De_Basanti","3877286","Talk","53690","20240224101550"
"60","Param_Vir_Chakra","1954619","Talk","27810","20240316233610"
"61","Army_of_the_Rhine_and_Moselle","35772917","Talk","1057","20240316162912"
"62","32nd_Infantry_Division_Triglavski","46682070","Talk","876","20240119031136"
"63","Smolensk_War","2914161","Talk","15576","20240226153128"
"64","USS_Mahan_(DD-364)","11624920","Talk","2055","20240311144445"
"65","John_Kourkouas","11054337","Talk","5803","20240312011921"
"66","Egyptian–Libyan_War","6877405","Talk","26425","20240410141739"
"67","Revolt_of_the_Admirals","832144","Talk","26621","20240205052746"
"68","Battle_of_Berlin","12840030","Talk","5815","20240619233633"
"69","Mega_Man_2","4650039","Talk","6720","20240404171708"
"70","List_of_battleships_of_Greece","26447734","Talk","3067","20240309225108"
"71","Yugoslav_coup_d'état","30810596","Talk","69213","20240510072005"
"72","Robert_Peverell_Hichens","25240447","Talk","2991","20240312013121"
"73","25th_Battalion_(New_Zealand)","45097269","Talk","614","20240119012915"
"74","Atomic_bombings_of_Hiroshima_and_Nagasaki","720336","Talk","17436","20240615155236"
"75","Cyclone_Leon–Eline","3101578","Talk","17009","20240301121439"
"76","Philip_Baxter","18243363","Talk","5605","20240211133701"
"77","Asheville-class_gunboat_(1917)","52551680","Talk","634","20240125215632"
"78","Battle_of_Bita_Paka","14738774","Talk","6123","20240210141057"
"79","Oswald_Boelcke","735420","Talk","2165","20240211225905"
"80","South_Australian_Mounted_Rifles","57745549","Talk","1428","20240209140407"
"81","Barton_S._Alexander","13134551","Talk","4851","20240207182930"
"82","Jozo_Tomasevich","34433378","Talk","1118","20240615093008"
"83","HMAS_Sydney_(R17)","5989960","Talk","10074","20240312011632"
"84","Operation_Leader","27725756","Talk","1059","20240209231519"
"85","Hans-Joachim_Marseille","4702573","Talk","5373","20240330064713"
"86","T30_Howitzer_Motor_Carriage","45083451","Talk","1153","20240215215052"
"87","John_Hines_(Australian_soldier)","30686881","Talk","14882","20240212114427"
"88","Alexander_Godley","8599730","Talk","1517","20240214212809"
"89","Jack_Rae","63249600","Talk","627","20240217054607"
"90","Herbert_Hart_(general)","34605941","Talk","1038","20240215040029"
"91","Russian_battleship_Imperatritsa_Ekaterina_Velikaya","12268727","Talk","3934","20240225065112"
"92","Red_Tail_Squadron","25550881","Talk","1092","20240326130120"
"93","USS_Bridgeport_(AD-10)","13993389","Talk","1792","20240312013413"
"94","Juno_Beach","1698364","Talk","39647","20240215234237"
"95","Norman_Frederick_Hastings","36668390","Talk","1896","20240215053400"
"96","Byzantine–Sasanian_War_of_602–628","25721947","Talk","90713","20240312023833"
"97","Heinz-Wolfgang_Schnaufer","8434115","Talk","1636","20240330062005"
"98","Japanese_battleship_Kawachi","9406306","Talk","2332","20240215190711"
"99","Kirk–Holden_war","21469401","Talk","6105","20240211151502"
"100","Director_General_of_the_Indian_Coast_Guard","50989023","Talk","2021","20240213170936"
"101","Roman–Persian_Wars","3468152","Talk","3973","20240317112826"
"102","47th_(London)_Infantry_Division","5490738","Talk","1962","20240119051927"
"103","I_Corps_(United_States)","458091","Talk","9354","20240312011725"
"104","Sasaki_Tōichi","67481368","Talk","1207","20240225161902"
"105","149th_Armored_Regiment","34654076","Talk","12121","20240114214628"
"106","MS_West_Honaker","19346210","Talk","2985","20240220223912"
"107","Bolesław_I's_intervention_in_the_Kievan_succession_crisis","3282202","Talk","1065","20240211232517"
"108","Auxilia","14451051","Talk","15281","20240403031210"
"109","George_Mackinolty","25130300","Talk","1043","20240215231624"
"110","Hippolyte_De_La_Rue","23739347","Talk","3977","20240213122325"
"111","Fort_McKavett_State_Historic_Site","10547769","Talk","1933","20240422011407"
"112","Battle_of_Gallipoli_(1416)","53316840","Talk","814","20240530000336"
"113","Interstate_270_(Colorado)","11206620","Talk","1413","20240215152552"
"114","Fort_Runyon","13353849","Talk","3614","20240125133357"
"115","M-28_Business_(Newberry,_Michigan)","23150775","Talk","1350","20240204192439"
"116","Convoy_Faith","27936804","Talk","10435","20240124102245"
"117","Wilfred_Clouston","63359441","Talk","793","20240212234240"
"118","Ottoman_conquest_of_Lesbos","47033098","Talk","3896","20240222140259"
"119","Petlyakov_Pe-8","1493628","Talk","11785","20240211063136"
"120","24th_Infantry_Division_(United_States)","3027807","Talk","6167","20240317110243"
"121","2/2nd_Machine_Gun_Battalion_(Australia)","32224853","Talk","660","20240403133920"
"122","Jacques_le_Gris","12626860","Talk","21585","20240216144605"
"123","Ontario_Highway_427","8041643","Talk","16268","20240206111221"
"124","German_destroyer_Z51","55074959","Talk","1223","20240214183145"
"125","German_destroyer_Z3_Max_Schultz","29670508","Talk","3397","20240311043855"
"126","Kaunas_Fortress","7861582","Talk","17567","20240503074030"
"127","Operation_Crimp","4083144","Talk","12643","20240312012921"
"128","Battle_of_Battle_Mountain","29764830","Talk","8919","20240210140449"
"129","Order_of_Saint_Hubert","25885829","Talk","13848","20240310001321"
"130","Thomas_Cooke_(soldier,_born_1881)","5609349","Talk","1767","20240213204135"
"131","Operation_Postmaster","27374350","Talk","10220","20240312012941"
"132","Battle_of_Marengo","1886856","Talk","13119","20240210011442"
"133","Cambodian_Civil_War","601685","Talk","40028","20240609213421"
"134","Armed_Forces_of_Liberia","8321868","Talk","17388","20240312230844"
"135","Battle_of_Vaslui","2670129","Talk","20231","20240312023927"
"136","USS_Triton_(SSRN-586)","2215374","Talk","1007","20240426000237"
"137","Samuel_Frickleton","9344391","Talk","743","20240210195905"
"138","No._81_Wing_RAAF","5360315","Talk","3202","20240221183940"
"139","Broad_front_versus_narrow_front_controversy_in_World_War_II","66934726","Talk","36370","20240212044824"
"140","Washington_State_Route_531","10490598","Talk","1952","20240222172929"
"141","Asad_ibn_Abdallah_al-Qasri","41188518","Talk","1102","20240209145457"
"142","Kenneth_Nichols","20363295","Talk","3146","20240214041126"
"143","Theodor_Weissenberger","11024975","Talk","1095","20240229012829"
"144","12th_(Eastern)_Infantry_Division","4935783","Talk","1413","20240113140746"
"145","7th_Infantry_Division_(United_States)","6551029","Talk","9569","20240317110419"
"146","12th_Light_Horse_Regiment_(Australia)","27681226","Talk","685","20240114203631"
"147","T48_Gun_Motor_Carriage","44907226","Talk","2789","20240215232941"
"148","William_F._Dean","8422594","Talk","5843","20240331015508"
"149","Battle_of_Berea","53482474","Talk","737","20231225125502"
"150","Operation_Cockpit","3202104","Talk","996","20240213112442"
"151","List_of_Partisan_detachments_in_Bosnia_and_Herzegovina","48013965","Talk","3498","20240216023509"
"152","SS_Black_Osprey","19150889","Talk","598","20240225024431"
"153","California_State_Route_282","4456323","Talk","815","20240212101454"
"154","Battle_of_Solachon","3172838","Talk","1317","20240211120824"
"155","Vojislav_Lukačević","35869046","Talk","46652","20240218072032"
"156","French_battleship_Charles_Martel","14558900","Talk","796","20240214131952"
"157","Miles_Dempsey","4205956","Talk","10071","20240213142239"
"158","Japanese_aircraft_carrier_Zuihō","5512271","Talk","2210","20240215190603"
"159","U.S._Route_6_in_Iowa","28049745","Talk","647","20240207123357"
"160","Indonesian_occupation_of_East_Timor","15783835","Talk","2976","20240411232343"
"161","Background_of_the_Spanish_Civil_War","31705971","Talk","1874","20240126190110"
"162","Operation_Pluto","921377","Talk","11540","20240321163818"
"163","Gisco_(died_239_BC)","63722609","Talk","1221","20240214203013"
"164","Willie_Gillis","16775959","Talk","7375","20240214104816"
"165","Third_Battle_of_Kharkov","2655883","Talk","33281","20240227231807"
"166","Łódź_insurrection","13657928","Talk","10333","20240324004414"
"167","Rhine_campaign_of_1795","43599605","Talk","5564","20240210213934"
"168","Staurakios","10474433","Talk","6869","20240308121726"
"169","Battle_of_Sarantaporo","5744258","Talk","4611","20240308115412"
"170","GL_Mk._I_radar","44394505","Talk","1489","20240130183344"
"171","SMS_Medusa_(1864)","58068056","Talk","763","20240209121722"
"172","New_Zealand_Division","7511365","Talk","592","20240214055447"
"173","Philippe_Leclerc_de_Hauteclocque","1760772","Talk","10830","20240216150837"
"174","Battle_of_Khe_Sanh","345985","Talk","25390","20240622075928"
"175","Battle_of_Puketutu","72721318","Talk","1206","20240127155407"
"176","Yugoslav_torpedo_boat_T6","52633274","Talk","980","20240215020058"
"177","Clive_Hulme","462482","Talk","1792","20240215110723"
"178","Sviatoslav's_invasion_of_Bulgaria","26771728","Talk","1186","20240212035347"
"179","80th_Infantry_(Reserve)_Division_(United_Kingdom)","20623135","Talk","1198","20240119083712"
"180","James_Cannan","5633845","Talk","599","20240319040448"
"181","Ordnance_QF_25-pounder_Short","23022111","Talk","417","20240413020254"
"182","Ames_Project","50720655","Talk","1065","20240208020551"
"183","Lâm_Văn_Phát","27245839","Talk","4667","20240331030215"
"184","Japanese_battleship_Kongō","6442032","Talk","10544","20240215190612"
"185","Second_Battle_of_Kehl_(1796)","45077805","Talk","700","20240308111616"
"186","No._84_Wing_RAAF","5329702","Talk","877","20240206215755"
"187","Commandos_(United_Kingdom)","418416","Talk","7070","20240213015154"
"188","SMS_Yorck","13057809","Talk","2835","20240317003217"
"189","HMS_Ledbury_(L90)","11888571","Talk","4526","20240312011656"
"190","1975_spring_offensive","6687522","Talk","8738","20240317105950"
"191","Brilliant_Pebbles","55908840","Talk","1071","20240419194436"
"192","Nuclear_weapons_of_the_United_Kingdom","4599502","Talk","77642","20240321213442"
"193","Big_Bertha_(howitzer)","1709388","Talk","14995","20240211191835"
"194","Milorad_Ekmečić","37917871","Talk","4783","20240213033701"
"195","Soviet_cruiser_Vasily_Chapayev","58183570","Talk","1456","20240610102143"
"196","Okay_Hot-Shot,_Okay!","39761186","Talk","2104","20240217044028"
"197","Battle_of_Chonan","26572247","Talk","2009","20240210142736"
"198","Hall_XPTBH","7538263","Talk","1886","20240125154149"
"199","Battle_of_Sangju_(1950)","29612033","Talk","7551","20240211120421"
"200","Albert_Kesselring","5197626","Talk","7109","20240216175613"
"201","Siege_of_Kamarja","41117714","Talk","625","20240226083110"
"202","German_destroyer_Z1_Leberecht_Maass","18093281","Talk","1516","20240311043628"
"203","Paul_Wurtsmith","22275618","Talk","886","20240214024542"
"204","Sukhoi_Su-25","1034219","Talk","3014","20240504074655"
"205","Yugoslav_submarine_Smeli","42543601","Talk","3600","20240216212843"
"206","Siege_of_Fort_William_Henry","2654015","Talk","8535","20240312013201"
"207","House_of_Lancaster","90442","Talk","20831","20240410173612"
"208","M15_half-track","44828292","Talk","4921","20240218102854"
"209","Jacob_L._Devers","6163895","Talk","7702","20240213152712"
"210","John_Gildroy_Grant","9342045","Talk","700","20240214183136"
"211","HMS_Benbow_(1913)","6094179","Talk","1362","20240215044033"
"212","Hermann_Fegelein","1882749","Talk","1134","20240510060347"
"213","George_Kistiakowsky","7102173","Talk","3193","20240216063546"
"214","Siege_of_Kehl_(1796–1797)","25047752","Talk","1310","20240217011026"
"215","Lê_Văn_Duyệt","23964481","Talk","2162","20240324205044"
"216","CSS_Missouri","31852573","Talk","808","20240213051226"
"217","Dolwyddelan_Castle","8935149","Talk","4337","20240213182659"
"218","11th_Airborne_Division","6582322","Talk","47566","20240316154018"
"219","Battle_of_Petroe","29173214","Talk","829","20240308121115"
"220","Frank_Worsley","11158302","Talk","2309","20231121194344"
"221","Hans_Waldmann_(fighter_pilot)","10496945","Talk","1716","20240216000458"
"222","Baltimore–Washington_Parkway","4520559","Talk","11256","20240210055319"
"223","William_McAloney","21459557","Talk","1305","20240219114233"
"224","George_Howell_(soldier)","5609374","Talk","2392","20240215101349"
"225","Battle_of_Pyongtaek","25312977","Talk","1728","20240211115611"
"226","Arthur_Compton","597026","Talk","9657","20240314200213"
"227","Structural_history_of_the_Roman_military","7966793","Talk","13187","20240312013252"
"228","Operation_Trio","16805949","Talk","19264","20240420235303"
"229","Egmont_Prinz_zur_Lippe-Weißenfeld","22819762","Talk","1075","20240118120644"
"230","History_of_military_logistics","73937308","Talk","840","20240322222824"
"231","20th_Battalion_(New_Zealand)","36773469","Talk","567","20240119002420"
"232","David_M._Shoup","5081879","Talk","4420","20240216230305"
"233","Battle_of_Salamis","49151","Talk","36218","20240129014915"
"234","Robert_Bacher","7100515","Talk","2576","20240210004844"
"235","French_battleship_Mirabeau","16961558","Talk","1079","20240214132000"
"236","Wehrmacht_forces_for_the_Ardennes_Offensive","20985026","Talk","1024","20240217055854"
"237","55th_(West_Lancashire)_Division","17524380","Talk","1223","20240206235507"
"238","37_mm_gun_M3","6039578","Talk","11505","20240322200309"
"239","Wolfgang_Lüth","7440812","Talk","13214","20240312013551"
"240","España-class_battleship","16938246","Talk","2794","20240311034543"
"241","Kidnapping_of_Heinrich_Kreipe","28054847","Talk","4663","20240215133059"
"242","Arena_(countermeasure)","7356176","Talk","9828","20240116235156"
"243","Léon_Degrelle","2638845","Talk","20588","20240330140649"
"244","Andrew_Saul","12341518","Talk","34641","20240208221408"
"245","James_Allen_Ward","9317952","Talk","5139","20240210152236"
"246","Herennius_Etruscus","6647744","Talk","1096","20240214030353"
"247","Abu'l-Aswar_Shavur_ibn_Fadl","29000679","Talk","1957","20240207051838"
"248","Central_America_under_Mexican_rule","71221543","Talk","11995","20240522010939"
"249","Christopher_Lekapenos","28583174","Talk","872","20240321164921"
"250","2/5th_Battalion_(Australia)","5225299","Talk","1690","20240403134021"
"251","French_battleship_Charlemagne","13818601","Talk","1285","20240214131946"
"252","SMS_Undine","14080607","Talk","1222","20240309233758"
"253","Battle_of_Westerplatte","13046380","Talk","21435","20240211124201"
"254","Nazis_and_Nazi_Collaborators_(Punishment)_Law","65772189","Talk","4547","20240221150448"
"255","Siege_of_Viborg_(1710)","31090653","Talk","4976","20240309191741"
"256","19th_Mechanized_Division_(Greece)","46890041","Talk","705","20240117041549"
"257","Boeing_B-52_Stratofortress","4398","Talk","12850","20240312023854"
"258","Battle_of_the_Bowling_Alley","28057595","Talk","20028","20240211121948"
"259","Aegidius","10457136","Talk","4531","20240207094201"
"260","Battle_of_Kapetron","15022867","Talk","1961","20240211110901"
"261","Egon_Mayer","10496907","Talk","1825","20240308095957"
"262","Early_thermal_weapons","9047960","Talk","20206","20240117014930"
"263","Battle_of_Porton_Plantation","24898498","Talk","1859","20240312024010"
"264","SM_UB-10","21618603","Talk","961","20240226135818"
"265","Smedley_Butler","1233447","Talk","6541","20240403220157"
"266","Rudolf_Abel","4031892","Talk","11813","20240207040236"
"267","Pećanac_Chetniks","19871363","Talk","5960","20240216063909"
"268","10th_Battalion_(Australia)","6311149","Talk","11768","20240206234105"
"269","Walter_Model","6371545","Talk","37869","20240315083059"
"270","6th_Machine_Gun_Battalion_(United_States_Marine_Corps)","34779451","Talk","686","20240119073936"
"271","Norris_Bradbury","7100808","Talk","1228","20240531000258"
"272","First_Battle_of_Târgu_Frumos","21976010","Talk","849","20240321202203"
"273","Japanese_air_attacks_on_the_Mariana_Islands","30267136","Talk","2151","20240227052950"
"274","Operation_Sky_Monitor","21766388","Talk","633","20240410194142"
"275","Battles_of_the_Kinarot_Valley","19081875","Talk","28165","20240211125707"
"276","Alexandru_Averescu","2097196","Talk","4318","20240316161422"
"277","Walter_Nowotny","5542962","Talk","2585","20240312013517"
"278","Revolt_of_the_Comuneros","2370752","Talk","26663","20240621200042"
"279","Battle_of_Yongdong","29617393","Talk","1886","20240211124649"
"280","Operation_Coburg","23914113","Talk","10704","20240217051748"
"281","Siege_of_Fort_Ticonderoga_(1777)","933650","Talk","2214","20240226081539"
"282","M13_Multiple_Gun_Motor_Carriage","44757470","Talk","1519","20240218102850"
"283","New_York_State_Route_292","4675203","Talk","5723","20240214054432"
"284","Battle_of_Nam_River","29778075","Talk","1145","20240211114014"
"285","173rd_Airborne_Brigade","13295417","Talk","31675","20240317110040"
"286","Joseph_Maxwell","5609007","Talk","5221","20240312011949"
"287","North-West_Mounted_Police","35303698","Talk","6105","20240524000339"
"288","61st_Infantry_Division_(United_Kingdom)","5813017","Talk","1791","20240119070533"
"289","List_of_World_War_I_aces_credited_with_5_victories","23824205","Talk","2770","20240216072507"
"290","Washington_State_Route_527","6929154","Talk","4475","20240130002712"
"291","Michael_J._Daly","15265538","Talk","3035","20240213094938"
"292","Crusades","17958887","Talk","15745","20240601224924"
"293","Polaris_(UK_nuclear_programme)","44791634","Talk","5331","20240223165513"
"294","Royal_Yugoslav_Navy","20775741","Talk","790","20240206170515"
"295","15th_Battalion_(Australia)","32227602","Talk","3746","20240206234750"
"296","Siege_of_Ngatapa","68913375","Talk","2490","20240209093147"
"297","Brian_Robertson,_1st_Baron_Robertson_of_Oakridge","9489035","Talk","2479","20240219010719"
"298","Action_of_28_January_1945","29685775","Talk","755","20240314233638"
"299","Lexington-class_battlecruiser","26730737","Talk","23985","20240216171346"
"300","USS_Kentucky_(BB-6)","10904650","Talk","1610","20240311143306"
"301","Kongō-class_battlecruiser","6350435","Talk","9318","20240216081908"
"302","Operation_Igloo_White","2662866","Talk","4518","20240312012926"
"303","Operation_Lüttich","11061450","Talk","8448","20240426070435"
"304","Heinrich_Bär","5418664","Talk","2686","20240312011608"
"305","Navy_of_the_Independent_State_of_Croatia","21566034","Talk","2267","20240308005709"
"306","Arab–Khazar_wars","7441627","Talk","4625","20240403011002"
"307","Operation_Deny_Flight","5516966","Talk","5098","20240413003043"
"308","SM_U-2_(Austria-Hungary)","20209271","Talk","830","20240311105710"
"309","Republic_F-84_Thunderjet","3950393","Talk","7160","20240223174353"
"310","Śvetāmbara","6791212","Talk","3581","20240612222931"
"311","Fort_Phantom_Hill","14722943","Talk","1019","20240208035654"
"312","Eucherius_(son_of_Stilicho)","58099735","Talk","795","20240201124819"
"313","Michael_Walker,_Baron_Walker_of_Aldringham","1165068","Talk","2576","20240215221727"
"314","Battle_of_Fort_Donelson","3813302","Talk","3084","20240110170731"
"315","De_Lackner_HZ-1_Aerocycle","26710511","Talk","6310","20240213122326"
"316","2/3rd_Machine_Gun_Battalion_(Australia)","32224925","Talk","672","20240117045245"
"317","Roy_Burston","18859643","Talk","2313","20240212082153"
"318","HMS_Mallow_(K81)","18083511","Talk","4708","20240215051522"
"319","Battle_of_Hulao","2654216","Talk","3950","20240211110025"
"320","Iazyges","2032247","Talk","27068","20240215123744"
"321","SMS_Seeadler","11316238","Talk","1715","20240311110611"
"322","Bastille","421615","Talk","15119","20240611185750"
"323","USS_Hawaii_(CB-3)","11615997","Talk","6018","20240209080234"
"324","HMS_Liverpool_(C11)","2449268","Talk","4421","20240312011658"
"325","Kenilworth_Castle","259035","Talk","41013","20240216033655"
"326","Norman_Schwarzkopf_Jr.","618783","Talk","4311","20240310120053"
"327","United_States_Zouave_Cadets","59347535","Talk","941","20240228112817"
"328","Legacy_Parkway","17016714","Talk","1150","20240204002335"
"329","Reginald_Judson","1663014","Talk","994","20240215125043"
"330","George_Ingram","5608999","Talk","3353","20240212145642"
"331","SS_American_(1900)","16688880","Talk","810","20240215150442"
"332","Ikarus_IK-2","8476965","Talk","1440","20240209103800"
"333","SMS_Cormoran_(1892)","41140829","Talk","1776","20240216215608"
"334","New_Britain_campaign","7416132","Talk","6475","20240214045839"
"335","Arthur_S._Carpender","11257336","Talk","1576","20240212131847"
"336","Battle_of_Bonchurch","11663637","Talk","7756","20240210141044"
"337","USS_Mercy_(AH-4)","11618170","Talk","1098","20240312013428"
"338","Operation_Freshman","21166111","Talk","13716","20240312020556"
"339","County_Road_492_(Marquette_County,_Michigan)","28804401","Talk","1337","20240213055236"
"340","Ontario_Highway_404","1142041","Talk","7086","20240124102735"
"341","United_Nations_Confidence_Restoration_Operation_in_Croatia","24277331","Talk","4712","20240308005724"
"342","Battle_of_Cer","1835176","Talk","7750","20240208052242"
"343","Battle_of_Utica","3140113","Talk","1749","20240127161940"
"344","Yermolayev_Yer-2","1493679","Talk","6322","20240225005400"
"345","Bhagat_Singh","1898726","Talk","56692","20240406200108"
"346","Ontario_Highway_55","10633513","Talk","568","20240201061738"
"347","Jacobite_rising_of_1745","26973686","Talk","23943","20240322213737"
"348","Vitalian_(consul)","25829743","Talk","6180","20240229145438"
"349","Lockheed_D-21","9535122","Talk","2860","20240321220611"
"350","9th_Missouri_Sharpshooter_Battalion","71955096","Talk","1074","20240119095155"
"351","Frank_Lukis","21604735","Talk","2050","20240218073039"
"352","Tucker-class_destroyer","3534116","Talk","6022","20240228071712"
"353","Battle_of_Aachen","343622","Talk","5467","20240210134559"
"354","Annika_Sörenstam","229557","Talk","5025","20240604192033"
"355","Battle_of_Masaka","59396536","Talk","1313","20240410131035"
"356","SM_UB-14","21614714","Talk","1212","20240407145545"
"357","Elliot_See","4548605","Talk","9136","20240326130203"
"358","Battle_of_Magersfontein","7317422","Talk","19754","20231225130109"
"359","Omaha_Beach","1190885","Talk","7293","20231024083633"
"360","Italian_battleship_Leonardo_da_Vinci","2359707","Talk","2704","20240215165424"
"361","Final_offensive_of_1981_(El_Salvador)","66816396","Talk","1594","20240214080841"
"362","Yugoslav_submarine_Osvetnik","42543311","Talk","1551","20240211091224"
"363","Fort_Jackson_(Virginia)","13536230","Talk","3035","20240214112728"
"364","Jagdgeschwader_1_(World_War_II)","5704548","Talk","4696","20240312011852"
"365","Excubitors","15023073","Talk","898","20240214035922"
"366","Elmer_Gedeon","14539001","Talk","16192","20240213060041"
"367","First_Battle_of_Maryang-san","17950191","Talk","4404","20240214083548"
"368","Tim_Cross","25368658","Talk","1180","20240213070528"
"369","Tennessee-class_battleship","6411226","Talk","1487","20240410140633"
"370","Battle_of_Andrassos","36482827","Talk","3002","20240210135537"
"371","Stanley_Gibbs","21555880","Talk","3428","20240326125213"
"372","Royal_Wiltshire_Yeomanry","10533242","Talk","20774","20240312013136"
"373","Orjen-class_torpedo_boat","49078089","Talk","777","20240222113520"
"374","New_York_State_Route_73","4535249","Talk","1697","20240206195409"
"375","Bessas_(magister_militum)","36926363","Talk","1201","20240308121148"
"376","Utah_State_Route_103","18957396","Talk","976","20240321183146"
"377","Tet_Offensive","449196","Talk","49345","20240312013313"
"378","Battle_of_Antioch_(218)","2651379","Talk","3273","20240210135905"
"379","Max-Hellmuth_Ostermann","10835105","Talk","1995","20240312012756"
"380","Air_Combat_Group_RAAF","5360295","Talk","4153","20240207132240"
"381","Harry_Laurent","9341437","Talk","685","20240210152631"
"382","Günther_Lützow","10300635","Talk","2418","20240218085504"
"383","Battle_of_the_Hongorai_River","25564203","Talk","636","20240324204046"
"384","Yên_Bái_mutiny","14391311","Talk","6971","20240211065404"
"385","Ennis_Whitehead","20991218","Talk","1958","20240330061717"
"386","46th_Infantry_Division_(United_Kingdom)","25738696","Talk","2946","20240206235525"
"387","Tetricus_I","515828","Talk","2466","20240524024226"
"388","Fort_Corcoran","13052863","Talk","3246","20240329190252"
"389","76th_Infantry_Division_(United_Kingdom)","5139734","Talk","2059","20240119081007"
"390","Helmuth_Raithel","39106149","Talk","765","20240224084301"
"391","Trident_(UK_nuclear_programme)","9095733","Talk","24123","20240212034303"
"392","Alan_Deere","6805780","Talk","1857","20240208133712"
"393","Leslie_Andrew","9260929","Talk","807","20240208052714"
"394","John_Northcott","5633909","Talk","5442","20240214060132"
"395","Battle_of_Taegu","27941071","Talk","2412","20240324204858"
"396","2/3rd_Battalion_(Australia)","5225292","Talk","3818","20240403133934"
"397","Battle_of_Winchelsea","2471528","Talk","3547","20240211123929"
"398","German_cruiser_Prinz_Eugen","5018769","Talk","23983","20240214182954"
"399","Keith_Miller","5390027","Talk","14192","20240426030419"
"400","Massachusetts_in_the_American_Civil_War","6924061","Talk","3154","20240312012754"
"401","Howard_Kippenberger","8590994","Talk","1505","20240212174152"
"402","Arado_E.381","27650848","Talk","8108","20240314234815"
"403","Coast_Guard_Squadron_One","36625236","Talk","849","20240212235554"
"404","Operation_Totalize","458556","Talk","18672","20240606221253"
"405","Soviet_cruiser_Admiral_Isachenkov","61162565","Talk","702","20240226201548"
"406","Robotron:_2084","4294916","Talk","12699","20240404170902"
"407","Operation_Southeast_Croatia","16805908","Talk","42986","20240308005633"
"408","Ahmad_ibn_Tulun","3980033","Talk","3890","20240105103911"
"409","Citadel_of_Saigon","18282685","Talk","916","20240218000052"
"410","U-20-class_submarine","20155075","Talk","755","20240228091543"
"411","Wolf-Dietrich_Wilcke","11025037","Talk","943","20240217045128"
"412","Spokane,_Washington","1751955","Talk","29347","20240109051825"
"413","373rd_(Croatian)_Infantry_Division","34322569","Talk","13732","20240517184827"
"414","Priscus_(magister_militum)","26384943","Talk","1510","20240223233928"
"415","Battle_of_Messines_(1917)","2886968","Talk","4443","20240608000727"
"416","List_of_Knight's_Cross_of_the_Iron_Cross_recipients_(Ha–Hm)","12819106","Talk","3895","20240216071904"
"417","2/1st_Machine_Gun_Battalion_(Australia)","31463518","Talk","676","20240617082831"
"418","29th_Massachusetts_Infantry_Regiment","28054518","Talk","984","20240119020616"
"419","Battle_of_the_Lipari_Islands","2658484","Talk","2857","20240113141245"
"420","SM_UB-45","21523364","Talk","1008","20231021223025"
"421","2nd_Canadian_Division_during_World_War_II","2280720","Talk","18344","20240119022117"
"422","Operation_Winter_'94","20961980","Talk","1496","20240308005657"
"423","38th_Infantry_Division_Dravska","57936631","Talk","804","20240326124616"
"424","Battle_of_Masan","29764828","Talk","4389","20240211112918"
"425","Arrow_(missile_family)","214135","Talk","19814","20240409023736"
"426","Ernest_Titterton","7852829","Talk","1526","20240208205046"
"427","Landing_at_Saidor","19060955","Talk","1655","20240216130158"
"428","Battle_of_San_Salvador_(1823)","76755418","Talk","485","20240428023555"
"429","Elizabeth_Cady_Stanton","1390991","Talk","20501","20240403204524"
"430","SS_Panaman","18995201","Talk","1917","20240221110051"
"431","390th_Rifle_Division","53516365","Talk","1021","20240119035901"
"432","George_Kenney","5115026","Talk","21178","20240216034245"
"433","Clarence_Jeffries","5609003","Talk","2396","20240215195725"
"434","Osvetnik-class_submarine","23160278","Talk","1096","20240326125808"
"435","Nikopol–Krivoi_Rog_offensive","44423035","Talk","2981","20240228064215"
"436","Typhoon_Ike","3229615","Talk","1413","20240301025230"
"437","3rd_Bengal_Light_Cavalry","53636025","Talk","1821","20240119041744"
"438","Rhode_Island_Route_4","9425988","Talk","840","20240321183020"
"439","Lewis_McGee_(soldier)","5609404","Talk","2000","20240209214909"
"440","Benjamin_Franklin_Tilley","5262390","Talk","13973","20240410155242"
"441","Skanderbeg's_Italian_expedition","27002208","Talk","3112","20240312013222"
"442","42_cm_Gamma_howitzer","19212524","Talk","3025","20240314231546"
"443","Eileen_Collins","1562696","Talk","2154","20240330170706"
"444","3rd_Missouri_Infantry_Regiment_(Confederate)","64297299","Talk","939","20240119042310"
"445","Junayd_of_Aydın","31089037","Talk","41609","20240321165659"
"446","Gordon_Gollob","5486536","Talk","2331","20240214132615"
"447","Serbian_State_Guard","19871345","Talk","2313","20240226010748"
"448","Soviet_destroyer_Soobrazitelny_(1940)","59508658","Talk","658","20240228160232"
"449","Cho_Ki-chon","47309221","Talk","1181","20240122200706"
"450","Velites","7971627","Talk","8077","20240210185945"
"451","Tonkin_Highway","3093360","Talk","3133","20240326130408"
"452","Armament_of_the_Iowa-class_battleship","10096513","Talk","11096","20240312230849"
"453","H2S_(radar)","1739416","Talk","13324","20240202234931"
"454","Abbasid_invasion_of_Asia_Minor_(782)","35099616","Talk","6098","20240207030158"
"455","Hawker_Siddeley_Harrier","920971","Talk","1289","20240402000118"
"456","Powder_Alarm","12183524","Talk","14134","20240223204603"
"457","Battle_of_Chochiwon","26609894","Talk","1714","20240210142738"
"458","Battle_of_the_Plains_of_Abraham","211116","Talk","2912","20240211122300"
"459","Battle_of_Slater's_Knoll","14142559","Talk","1087","20240210125754"
"460","Johann_Heinrich_von_Schmitt","26092761","Talk","715","20240223162942"
"461","Hyacinth_Graf_Strachwitz","1981551","Talk","34239","20240213233441"
"462","HSwMS_Oscar_II","58518887","Talk","1017","20240215103028"
"463","Roman–Parthian_War_of_58–63","17843681","Talk","1804","20240312013127"
"464","Landings_at_Cape_Torokina","13595941","Talk","639","20240216130140"
"465","Sydney_Rowell","21402402","Talk","926","20240219205152"
"466","David_Hume","47260","Talk","6613","20240517164150"
"467","Strategic_Air_Command_in_the_United_Kingdom","12524864","Talk","3133","20240209191034"
"468","King's_Regiment_(Liverpool)","3924089","Talk","17254","20240312012033"
"469","M22_Locust","6039565","Talk","6297","20240312012742"
"470","Spendius","65522059","Talk","1153","20240226213929"
"471","German_destroyer_Z31","48856479","Talk","679","20240330052748"
"472","Central_Flying_School_RAAF","7523189","Talk","3238","20240130042103"
"473","Michael_Herrick","63569454","Talk","759","20240214233400"
"474","1971_Scottish_soldiers'_killings","31122544","Talk","9521","20240116055537"
"475","Battle_of_Pusan_Perimeter_logistics","29588994","Talk","3584","20240211115632"
"476","Yannis_Makriyannis","5131923","Talk","12928","20240217092551"
"477","SM_U-68","11998153","Talk","1812","20240226135631"
"478","Castlevania:_Portrait_of_Ruin","4735171","Talk","8444","20240206131743"
"479","77th_Infantry_Division_(United_Kingdom)","5491295","Talk","722","20240119081313"
"480","Battle_of_the_Kalka_River","2656876","Talk","17293","20240601000209"
"481","Battle_of_Plum_Point_Bend","5318419","Talk","4043","20240611030927"
"482","HMS_Iron_Duke_(1912)","6094191","Talk","1688","20240215050515"
"483","Yugoslav_torpedo_boat_T8","52666055","Talk","983","20240219042624"
"484","Walter_Bedell_Smith","2530699","Talk","7286","20240220031202"
"485","Thích_Nhất_Hạnh","30772","Talk","23409","20240424170727"
"486","Project_A119","11842732","Talk","13280","20240217063051"
"487","Project_Emily","28753428","Talk","1661","20240326130123"
"488","Michael_P._Murphy","13688170","Talk","35511","20240221020825"
"489","Percy_Storkey","5609035","Talk","766","20240216162045"
"490","United_States_Marine_Corps_Women's_Reserve","5307548","Talk","22162","20240526000357"
"491","Sam_Manekshaw","3413073","Talk","12651","20240603025813"
"492","Reginald_Pinney","28862102","Talk","4750","20240220085443"
"493","United_States_battleship_retirement_debate","18740964","Talk","43412","20240216224509"
"494","Battle_of_Kharistan","51328101","Talk","3142","20240211111133"
"495","1st_Filipino_Infantry_Regiment","31733708","Talk","9045","20240117043245"
"496","No._78_Wing_RAAF","5360299","Talk","667","20240216021255"
"497","Battle_of_Marathon","4807","Talk","57491","20240317201807"
"498","Fort_Stanton_(Washington,_D.C.)","12558962","Talk","1693","20240202015708"
"499","M-107_(Michigan_highway)","6792785","Talk","2924","20240218101102"
"500","Leslie_Morshead","5633903","Talk","3046","20240214165427"
"501","Java_War_(1741–1743)","33953264","Talk","1470","20240215193821"
"502","Leyla_Express_and_Johnny_Express_incidents","57537754","Talk","20757","20240216171724"
"503","William_Wilberforce","707008","Talk","29830","20240523145015"
"504","Nguyễn_Văn_Nhung","10683056","Talk","2267","20240214071408"
"505","Operation_Black_Buck","1940060","Talk","8954","20240222093505"
"506","Johnny_Checketts","4971662","Talk","4693","20240212181849"
"507","Bombardment_of_Papeete","20203796","Talk","8896","20240312023853"
"508","2nd_Armoured_Division_(United_Kingdom)","5216851","Talk","7432","20240119021925"
"509","Australian_contribution_to_UNTAG","36605638","Talk","5285","20240209203855"
"510","Fatimid_invasion_of_Egypt_(914–915)","59522239","Talk","3806","20240214055545"
"511","Battle_of_Isurava","41263699","Talk","16166","20240211110413"
"512","U-5-class_submarine_(Austria-Hungary)","20047380","Talk","1025","20240403024452"
"513","Leonard_Trent","3630119","Talk","1649","20240223063659"
"514","Sukhoi_Su-37","2123749","Talk","4816","20240510180229"
"515","CFM_International_CFM56","4797434","Talk","5924","20240213044750"
"516","Yorktown-class_gunboat","22497392","Talk","1966","20240212183529"
"517","Benjamin_Lewis_Hodge","20742895","Talk","1924","20240214041914"
"518","2/10th_Battalion_(Australia)","19158625","Talk","1179","20240403134030"
"519","Mitchell_Freeway","7559055","Talk","5702","20240321182932"
"520","Battle_of_Haman","29777590","Talk","930","20240211105516"
"521","HMS_Belfast","1242568","Talk","16366","20240321213622"
"522","Minefields_in_Croatia","4637627","Talk","19934","20240326125615"
"523","Japanese_battleship_Kirishima","6442025","Talk","5041","20240214225817"
"524","SM_U-1_(Austria-Hungary)","20209273","Talk","3383","20240311105714"
"525","Pierce_Stocking_Scenic_Drive","17713327","Talk","1098","20240131123405"
"526","Nina_Simone","214238","Talk","5249","20240528173210"
"527","Heinrich_Prinz_zu_Sayn-Wittgenstein","7474670","Talk","9837","20240312011612"
"528","4th_Armoured_Brigade_(Australia)","5321153","Talk","685","20240119053840"
"529","Cleomenean_War","13052828","Talk","14464","20240514200451"
"530","Al-Wathiq","2356810","Talk","1617","20240216145554"
"531","Rudolf_Frank","30763307","Talk","726","20240326125135"
"532","1st_Armoured_Division_(United_Kingdom)","43338009","Talk","45045","20240206232905"
"533","Operation_Mole_Cricket_19","19343961","Talk","3310","20240211021927"
"534","Landing_at_Jacquinot_Bay","25822345","Talk","1980","20240322181756"
"535","Japanese_cruiser_Ibuki_(1943)","11935883","Talk","1686","20240215190726"
"536","French_battleship_Justice","13818614","Talk","1748","20240214052050"
"537","No._3_Commando","23952958","Talk","869","20240221184350"
"538","Operation_Totem","14863513","Talk","4442","20240326125805"
"539","Jean_de_Carrouges","12470957","Talk","6010","20240312011903"
"540","Ontario_Highway_405","8041718","Talk","781","20240206111118"
"541","Yuri_Gagarin","492059","Talk","4350","20240422152449"
"542","John_Troglita","13959005","Talk","1289","20240228061635"
"543","Lockheed_AH-56_Cheyenne","5590843","Talk","18219","20240512180112"
"544","Battle_of_Ostrach","24601766","Talk","3439","20240211114434"
"545","Jean-Baptiste_Ouédraogo","6442210","Talk","3417","20240410140001"
"546","Freddie_de_Guingand","4205948","Talk","1588","20240214231301"
"547","Battle_of_Sourton_Down","18235516","Talk","1513","20240426000147"
"548","Siege_of_Hüningen_(1796–1797)","44093727","Talk","794","20240224013611"
"549","Margaret_Thatcher","20626","Talk","10609","20240621211952"
"550","Battle_of_Tsimba_Ridge","25416369","Talk","734","20240211123516"
"551","No._86_Wing_RAAF","5360323","Talk","627","20240221183943"
"552","Ashot_Nadanian","18422989","Talk","3498","20240610014016"
"553","Cadet_Nurse_Corps","24751300","Talk","8239","20240316173559"
"554","Safavid_occupation_of_Basra","59784270","Talk","1980","20240327000103"
"555","Sd.Kfz._10","7692630","Talk","1218","20240225220307"
"556","45th_Infantry_Division_(United_Kingdom)","5490526","Talk","5757","20240119050931"
"557","German_destroyer_Z4_Richard_Beitzen","29674319","Talk","1816","20240311043858"
"558","Cambodian_campaign","6851948","Talk","10659","20240312023829"
"559","2/9th_Battalion_(Australia)","23559084","Talk","1268","20240117045313"
"560","French_aircraft_carrier_Béarn","5302430","Talk","1125","20240214131921"
"561","Italian_battleship_Conte_di_Cavour","13883999","Talk","2363","20240204014512"
"562","Battle_of_the_Pusan_Perimeter","3455535","Talk","6364","20240211122418"
"563","Minden_Blake","63922198","Talk","683","20240315153630"
"564","Thomas_Farrell_(United_States_Army_officer)","4064135","Talk","2434","20240212003255"
"565","Operation_Lam_Son_719","5700722","Talk","19647","20240312012929"
"566","2/17th_Battalion_(Australia)","30519165","Talk","1382","20240117045211"
"567","Gia_Long","10671951","Talk","2904","20240111205042"
"568","French_battleship_Liberté","13818610","Talk","4964","20240214131948"
"569","Percy_Cherry","5608975","Talk","1355","20240312013100"
"570","Erich_Hartmann","3205759","Talk","10163","20240330061741"
"571","Operation_Mosaic","17621077","Talk","5456","20240222095323"
"572","Utah_State_Route_68","6521007","Talk","6973","20240210171446"
"573","Nassau_Agreement","19159175","Talk","1622","20240214133146"
"574","D21_road_(Croatia)","27365009","Talk","2311","20240321183205"
"575","Lindsay_Hassett","8785591","Talk","2912","20240215052943"
"576","Landing_on_Emirau","21151762","Talk","1898","20240321000241"
"577","1994_Fairchild_Air_Force_Base_B-52_crash","10256802","Talk","94046","20240117010255"
"578","American_Palestine_Line","18346242","Talk","1568","20240208013840"
"579","Mikhail_Petrov_(general)","51186145","Talk","913","20240216024233"
"580","SM_U-14_(Austria-Hungary)","13892290","Talk","2411","20240219085829"
"581","2/7th_Battalion_(Australia)","5225303","Talk","674","20240117045306"
"582","Japanese_battleship_Hiei","6441995","Talk","5431","20240215190610"
"583","U-3-class_submarine_(Austria-Hungary)","20211751","Talk","954","20240225150652"
"584","Alan_Charlesworth","30476588","Talk","2281","20240326124848"
"585","Thirty_Years'_War","30584","Talk","52592","20240611035747"
"586","William_George_Malone","3566026","Talk","2957","20240218191118"
"587","Bob_Chappuis","14930203","Talk","15106","20240212173150"
"588","Preity_Zinta","1504217","Talk","22903","20240307214449"
"589","Siege_of_Breteuil","68237513","Talk","656","20240209092908"
"590","SM_UB-16","21618609","Talk","989","20240310040532"
"591","York_Castle","13058800","Talk","16818","20240229131714"
"592","Battle_of_Caldera_Bay","31488816","Talk","6726","20240210142048"
"593","66th_Infantry_Division_(United_Kingdom)","5216866","Talk","8984","20240119072226"
"594","7_Independent_Company_(Rhodesia)","34444977","Talk","849","20240517162029"
"595","North_Yemen_civil_war","4818565","Talk","30360","20240607092011"
"596","British_anti-invasion_preparations_of_the_Second_World_War","5107838","Talk","3642","20240312023848"
"597","Hugh_John_Casey","8461609","Talk","3622","20240212185340"
"598","Army_of_the_Danube","22197727","Talk","3044","20240209125541"
"599","McDonnell_Douglas_Phantom_in_UK_service","39744418","Talk","21057","20240124105048"
"600","German_destroyer_Z32","48860697","Talk","600","20240315010905"
"601","Australian_light_destroyer_project","21856317","Talk","11412","20240312024140"
"602","USS_Comfort_(AH-3)","11623040","Talk","559","20240312013416"
"603","New_York_State_Route_28A","4621546","Talk","2667","20240206195411"
"604","Siege_of_Tunis_(Mercenary_War)","34428831","Talk","1327","20240210162801"
"605","Gordian_dynasty","56250030","Talk","5129","20240214151730"
"606","Late_Roman_army","14723560","Talk","26151","20240312012042"
"607","Battle_of_Gettysburg,_first_day","3423687","Talk","24912","20240211105258"
"608","Witold_Pilecki","849163","Talk","9322","20240422030246"
"609","Gwen_Stefani","19372330","Talk","53536","20240220085217"
"610","Bijeljina_massacre","27459788","Talk","2578","20240403000205"
"611","William_Shakespeare","33233","Talk","76869","20240528083453"
"612","USS_Johnston_(DD-557)","846028","Talk","7128","20240228131026"
"613","Italian_cuisine","3735621","Talk","16547","20240621152112"
"614","2/48th_Battalion_(Australia)","23749355","Talk","925","20240403134046"
"615","British_Army_during_the_First_World_War","19466391","Talk","31265","20240312023847"
"616","Invasion_of_Kagera","61510496","Talk","6973","20240410135651"
"617","Annexation_of_the_Leeward_Islands_by_France","62666855","Talk","13921","20240208073804"
"618","SMS_Geier","32613531","Talk","4385","20240315080054"
"619","Malcolm_Sargent","6781135","Talk","9754","20240302002846"
"620","U.S._Route_12_in_Washington","16437110","Talk","8949","20240523184250"
"621","Battle_of_Fort_Henry","3813305","Talk","7523","20240211104654"
"622","HMS_Audacious_(1912)","6094205","Talk","5553","20240215044034"
"623","Battle_of_Fort_Washington","6079844","Talk","18859","20240211104716"
"624","Mikoyan-Gurevich_MiG-3","7993855","Talk","845","20240415140826"
"625","Josef_Wurmheller","11025060","Talk","1137","20240229101119"
"626","No._82_Wing_RAAF","5360317","Talk","1915","20240216081028"
"627","42nd_Infantry_Division_Murska","46681906","Talk","816","20240119045240"
"628","40th_Infantry_Division_Slavonska","46681904","Talk","845","20240119044052"
"629","STRAT-X","34867778","Talk","2285","20240317004336"
"630","Manuel_Kamytzes","10480217","Talk","1148","20240216010424"
"631","Battle_of_Ismailia","31188159","Talk","8909","20240211110321"
"632","Army_of_the_Tennessee","3126486","Talk","9835","20240312024151"
"633","SM_UB-43","21511547","Talk","1288","20240226135807"
"634","Battle_of_Kapyong","911504","Talk","35150","20240422153001"
"635","Norman_Stronge","7854468","Talk","63286","20240227075827"
"636","First_Battle_of_Naktong_Bulge","26770382","Talk","1555","20240214083602"
"637","SM_U-5_(Austria-Hungary)","20396618","Talk","814","20240403030116"
"638","Japanese_battleship_Hatsuse","6080068","Talk","2211","20240516000227"
"639","Moro_River_campaign","12242554","Talk","5450","20240216103110"
"640","M3_Gun_Motor_Carriage","9555483","Talk","2220","20240209091828"
"641","Operation_Rolling_Thunder","382855","Talk","17325","20240312012942"
"642","Sieges_of_Berwick_(1355_and_1356)","64351760","Talk","710","20240213195125"
"643","Henry_James_Nicholas","9314753","Talk","736","20240214072658"
"644","Soviet_cruiser_Marshal_Voroshilov","57403848","Talk","873","20240311111501"
"645","51st_Army_(Russia)","15136866","Talk","14921","20240331011034"
"646","Stanisław_Koniecpolski","1141255","Talk","13351","20240330063241"
"647","United_Nations_Command–Rear","56951625","Talk","1041","20240228105312"
"648","2/4th_Machine_Gun_Battalion_(Australia)","32227372","Talk","653","20240403134004"
"649","Teddy_Sheean","8598216","Talk","3767","20240226043238"
"650","Organization_of_the_Luftwaffe_(1933–1945)","5440963","Talk","1805","20240402183324"
"651","Military_career_of_Arthur_Wellesley,_1st_Duke_of_Wellington","31736903","Talk","1505","20240312012828"
"652","Florida-class_battleship","6328261","Talk","887","20240214100014"
"653","Siege_of_Arrah","51105621","Talk","1702","20240112161433"
"654","Easter_Offensive","657982","Talk","17506","20240312010330"
"655","Horses_in_warfare","9486513","Talk","7264","20240326125258"
"656","Battle_of_Schellenberg","2655304","Talk","6758","20240312023958"
"657","Stanisław_Ulam","362522","Talk","41635","20240621061108"
"658","Werner_Hartenstein","20557609","Talk","10002","20240215040253"
"659","45th_Infantry_Division_(United_States)","1761676","Talk","10514","20240317110142"
"660","Battle_of_Kehl_(1796)","44026988","Talk","886","20240211111100"
"661","Battle_of_Fakhkh","41120567","Talk","1072","20240211104943"
"662","Mato_Dukovac","14529413","Talk","5126","20240213211632"
"663","Battle_of_Vigo_Bay","2662245","Talk","2703","20240415164408"
"664","Diadumenian","383618","Talk","4143","20240507141000"
"665","Hermann_Graf","5465100","Talk","1885","20240216175519"
"666","California_State_Route_54","2859922","Talk","3661","20240212101323"
"667","Petlyakov_Pe-3","8520680","Talk","2846","20240217113842"
"668","USS_Texas_(BB-35)","2183768","Talk","12221","20240312013436"
"669","Donough_MacCarty,_1st_Earl_of_Clancarty","8563114","Talk","7880","20240212222841"
"670","Collins-class_submarine","4168369","Talk","50291","20240312023748"
"671","Cretan_War_(205–200_BC)","5916463","Talk","21495","20240312023732"
"672","13th_Light_Tank_Brigade","63780286","Talk","611","20240206234908"
"673","1st_Armoured_Brigade_(Australia)","24902084","Talk","751","20240206232755"
"674","1965_South_Vietnamese_coup","28285470","Talk","3353","20240116042335"
"675","Battle_of_the_Blacks","69857637","Talk","1291","20240124200832"
"676","Finnish_Civil_War","245151","Talk","9953","20240330061805"
"677","Livonian_War","2879775","Talk","6555","20240518172556"
"678","Zaharije_Ostojić","36032856","Talk","1982","20240216075624"
"679","SMS_Gefion","27450187","Talk","3841","20240315080042"
"680","Keith_Park","8506090","Talk","15880","20240321163913"
"681","Type_1934_destroyers","55144575","Talk","1263","20240310000855"
"682","Frank_Buckles","9847264","Talk","44527","20240326124833"
"683","Operation_Windsor","19954446","Talk","30789","20240207040711"
"684","South_West_Pacific_Area","8651767","Talk","10882","20240209142017"
"685","Germanicus","207297","Talk","17881","20240214190106"
"686","Battle_of_Entebbe","59412211","Talk","953","20240410131005"
"687","Tito–Stalin_split","12380520","Talk","8802","20240129135556"
"688","Harry_Crerar","6866521","Talk","2907","20240131053323"
"689","Dartford_Crossing","5185736","Talk","7821","20240605124336"
"690","List_of_tanks_in_the_Spanish_Civil_War","21067034","Talk","3203","20240217010318"
"691","Battle_of_Wau","9000074","Talk","3756","20240211124137"
"692","Robert_L._Eichelberger","6988402","Talk","4436","20240225202942"
"693","Brazilian_military_junta_of_1930","38909247","Talk","13552","20240212031952"
"694","ASV_Mark_III_radar","60502483","Talk","842","20240119123551"
"695","New_Jersey_Route_55","5526222","Talk","17537","20240203125729"
"696","Trương_Định","14207178","Talk","1170","20240214021117"
"697","Wallachian_Revolution_of_1848","11646337","Talk","3819","20240622000359"
"698","German_destroyer_Z38","48967278","Talk","672","20240214183135"
"699","Bardanes_Tourkos","27075786","Talk","4295","20240308121103"
"700","Battle_of_Elands_River_(1900)","34296668","Talk","2597","20240211104916"
"701","Jastrebarsko_children's_camp","22827355","Talk","23121","20240216045112"
"702","2/43rd_Battalion_(Australia)","30528705","Talk","653","20240117045247"
"703","HMS_Marlborough_(1912)","6094186","Talk","2285","20240215051243"
"704","Jon_Burge","13544246","Talk","2246","20240329025558"
"705","Battle_of_Gettysburg,_second_day","3423699","Talk","11545","20240211105300"
"706","Friedrich_Freiherr_von_Hotze","24704732","Talk","1434","20240407053121"
"707","Frederick_E._Morgan","4916750","Talk","4251","20240211233833"
"708","Hadong_Ambush","26699555","Talk","680","20240215004023"
"709","No._6_Commando","24190531","Talk","1114","20240206215615"
"710","Majestic-class_battleship","4290978","Talk","1543","20240215183322"
"711","Siege_of_Kimberley","15331800","Talk","4240","20231225125914"
"712","Ersatz_Monarch-class_battleship","13615711","Talk","2405","20240611115007"
"713","James_Crichton_(soldier)","7002068","Talk","2211","20240213062923"
"714","Operation_Sandstone","7120103","Talk","7246","20240202164134"
"715","German_destroyer_Z2_Georg_Thiele","29667771","Talk","1365","20240311043852"
"716","Horace_Robertson","5609021","Talk","1889","20240224221202"
"717","Ba_Congress","61178354","Talk","1440","20240126000247"
"718","Al-Mundhir_III_ibn_al-Harith","26223168","Talk","1337","20240215032022"
"719","William_Stacy","11933060","Talk","8984","20240213121757"
"720","Toyohara_Kunichika","9829308","Talk","11759","20240228043628"
"721","Operation_Pleshet","20848322","Talk","4235","20240514014246"
"722","Third_Servile_War","1224367","Talk","29548","20240312013320"
"723","Spanish_battleship_España","13237479","Talk","3711","20240311111937"
"724","Dayton_Project","13863769","Talk","1066","20240213120706"
"725","2/14th_Battalion_(Australia)","31547101","Talk","2056","20240326124601"
"726","Pevensey_Castle","9419910","Talk","8735","20240223094635"
"727","Percy_Statton","4358265","Talk","1305","20240227042959"
"728","Battle_of_Artemisium","2657956","Talk","14078","20240130093515"
"729","Battle_of_Big_Black_River_Bridge","3813152","Talk","1095","20240518000227"
"730","Siege_of_Dundee","62152328","Talk","1872","20240209092857"
"731","Battle_of_Hwanggan","29759042","Talk","940","20240211110314"